id,song1,song2,song3,picked_song,person_id,updated_date,time_spent
1,032683.mp3,019425.mp3,051557.mp3,019425.mp3,1,2018-03-05 18:59:10.268249,00:00:16.037805
2,129481.mp3,013978.mp3,129475.mp3,129475.mp3,1,2018-03-05 18:59:34.231003,00:00:23.962754
3,003975.mp3,140584.mp3,065660.mp3,065660.mp3,1,2018-03-05 18:59:48.231828,00:00:14.000825
4,059068.mp3,136715.mp3,082509.mp3,136715.mp3,1,2018-03-05 19:00:23.229367,00:00:34.997539
5,013328.mp3,055913.mp3,013979.mp3,013979.mp3,1,2018-03-05 19:00:37.840906,00:00:14.611539
6,085890.mp3,071375.mp3,017442.mp3,085890.mp3,1,2018-03-05 19:00:46.322561,00:00:08.481655
7,144465.mp3,070938.mp3,027107.mp3,070938.mp3,1,2018-03-05 19:01:07.989677,00:00:21.667116
8,023538.mp3,030248.mp3,003463.mp3,003463.mp3,1,2018-03-05 19:01:26.886702,00:00:18.897025
9,140579.mp3,017003.mp3,146713.mp3,017003.mp3,1,2018-03-05 19:01:45.398134,00:00:18.511432
10,014543.mp3,012527.mp3,122475.mp3,014543.mp3,1,2018-03-05 19:02:20.058818,00:00:34.660684
11,011375.mp3,046637.mp3,070446.mp3,070446.mp3,1,2018-03-05 19:02:30.358322,00:00:10.299504
12,056560.mp3,019589.mp3,046999.mp3,019589.mp3,1,2018-03-05 19:02:50.608168,00:00:20.249846
13,008064.mp3,001162.mp3,149191.mp3,001162.mp3,1,2018-03-05 19:03:05.62563,00:00:15.017462
14,128477.mp3,046726.mp3,019133.mp3,128477.mp3,1,2018-03-05 19:03:21.347402,00:00:15.721772
15,032815.mp3,055287.mp3,085890.mp3,085890.mp3,1,2018-03-05 19:03:28.798279,00:00:07.450877
16,149191.mp3,001162.mp3,008064.mp3,008064.mp3,2,2018-03-05 19:10:51.236258,00:01:50.984812
17,071307.mp3,009512.mp3,139061.mp3,139061.mp3,2,2018-03-05 19:11:31.715556,00:00:40.479298
18,046999.mp3,019589.mp3,056560.mp3,046999.mp3,2,2018-03-05 19:12:09.207903,00:00:37.492347
19,084152.mp3,108478.mp3,115289.mp3,108478.mp3,2,2018-03-05 19:13:15.344505,00:01:06.136602
20,006802.mp3,001121.mp3,104087.mp3,001121.mp3,2,2018-03-05 19:14:39.594955,00:01:24.25045
21,050388.mp3,020163.mp3,019644.mp3,019644.mp3,2,2018-03-05 19:18:16.898415,00:03:37.30346
22,027107.mp3,070938.mp3,144465.mp3,144465.mp3,2,2018-03-05 19:19:01.311398,00:00:44.412983
23,055913.mp3,013328.mp3,013979.mp3,013979.mp3,2,2018-03-05 19:20:04.969785,00:01:03.658387
24,019425.mp3,032683.mp3,051557.mp3,019425.mp3,2,2018-03-05 19:21:20.899729,00:01:15.929944
25,001685.mp3,010697.mp3,114412.mp3,114412.mp3,2,2018-03-05 19:24:35.190576,00:03:14.290847
26,085890.mp3,055287.mp3,032815.mp3,085890.mp3,2,2018-03-05 19:25:04.087197,00:00:28.896621
27,011375.mp3,070446.mp3,046637.mp3,011375.mp3,2,2018-03-05 19:27:00.155059,00:01:56.067862
28,019133.mp3,128477.mp3,046726.mp3,046726.mp3,2,2018-03-05 19:28:13.975868,00:01:13.820809
29,012527.mp3,014543.mp3,122475.mp3,014543.mp3,2,2018-03-05 19:29:59.091802,00:01:45.115934
30,017442.mp3,071375.mp3,085890.mp3,017442.mp3,2,2018-03-05 19:30:26.935036,00:00:27.843234
31,140946.mp3,025795.mp3,151640.mp3,025795.mp3,2,2018-03-05 19:34:46.399775,00:04:19.464739
32,072513.mp3,023355.mp3,147192.mp3,147192.mp3,2,2018-03-05 19:39:34.095213,00:04:47.695438
33,061011.mp3,133802.mp3,154490.mp3,154490.mp3,2,2018-03-05 20:21:41.994246,00:42:07.899033
34,107029.mp3,117881.mp3,019627.mp3,019627.mp3,2,2018-03-05 20:22:54.568385,00:01:12.574139
35,137166.mp3,031802.mp3,099084.mp3,137166.mp3,2,2018-03-05 20:24:50.510446,00:01:55.942061
36,048269.mp3,059682.mp3,013646.mp3,048269.mp3,2,2018-03-05 20:25:25.228052,00:00:34.717606
37,113948.mp3,109538.mp3,043869.mp3,113948.mp3,2,2018-03-05 20:25:59.072575,00:00:33.844523
38,013592.mp3,015482.mp3,126782.mp3,126782.mp3,2,2018-03-05 20:26:21.880086,00:00:22.807511
39,070402.mp3,124891.mp3,011640.mp3,124891.mp3,2,2018-03-05 20:27:39.928375,00:01:18.048289
40,126177.mp3,032683.mp3,003975.mp3,126177.mp3,2,2018-03-05 20:27:54.960261,00:00:15.031886
41,052407.mp3,113969.mp3,122897.mp3,122897.mp3,2,2018-03-05 20:28:06.595911,00:00:11.63565
42,016238.mp3,024922.mp3,056551.mp3,056551.mp3,2,2018-03-05 20:28:34.395139,00:00:27.799228
43,014014.mp3,054662.mp3,121663.mp3,121663.mp3,2,2018-03-05 20:28:50.396295,00:00:16.001156
44,016385.mp3,087312.mp3,051200.mp3,051200.mp3,2,2018-03-05 20:29:01.271384,00:00:10.875089
45,010374.mp3,125160.mp3,113948.mp3,113948.mp3,2,2018-03-05 20:29:37.888304,00:00:36.61692
46,024426.mp3,118867.mp3,005119.mp3,024426.mp3,2,2018-03-05 20:30:46.990799,00:01:09.102495
47,145401.mp3,131960.mp3,018877.mp3,131960.mp3,2,2018-03-05 20:32:48.550737,00:02:01.559938
48,069027.mp3,053685.mp3,008920.mp3,008920.mp3,2,2018-03-05 20:37:00.492947,00:04:11.94221
49,000853.mp3,099214.mp3,064009.mp3,064009.mp3,2,2018-03-05 20:37:46.0848,00:00:45.591853
50,020137.mp3,030075.mp3,063322.mp3,063322.mp3,2,2018-03-05 20:41:29.472178,00:03:43.387378
51,133449.mp3,024904.mp3,006406.mp3,133449.mp3,2,2018-03-05 20:43:18.787842,00:01:49.315664
52,129052.mp3,082509.mp3,059707.mp3,129052.mp3,2,2018-03-05 20:43:39.508554,00:00:20.720712
53,026469.mp3,083709.mp3,138297.mp3,026469.mp3,2,2018-03-05 20:43:51.861033,00:00:12.352479
54,065660.mp3,021683.mp3,113820.mp3,065660.mp3,2,2018-03-05 20:44:04.079113,00:00:12.21808
55,097587.mp3,047505.mp3,149913.mp3,047505.mp3,2,2018-03-05 20:44:17.102269,00:00:13.023156
56,016023.mp3,154435.mp3,015487.mp3,016023.mp3,2,2018-03-05 20:44:30.088552,00:00:12.986283
57,080023.mp3,044781.mp3,032683.mp3,032683.mp3,2,2018-03-05 20:44:49.557571,00:00:19.469019
58,109049.mp3,025235.mp3,001289.mp3,025235.mp3,2,2018-03-05 20:45:01.227865,00:00:11.670294
59,004071.mp3,059702.mp3,059707.mp3,004071.mp3,2,2018-03-05 20:45:18.660583,00:00:17.432718
60,108488.mp3,019633.mp3,059068.mp3,019633.mp3,2,2018-03-05 20:45:55.046864,00:00:36.386281
61,051657.mp3,126506.mp3,106871.mp3,051657.mp3,2,2018-03-05 20:46:11.607935,00:00:16.561071
62,015775.mp3,091709.mp3,043436.mp3,091709.mp3,2,2018-03-05 20:46:29.470903,00:00:17.862968
63,047035.mp3,001836.mp3,120299.mp3,001836.mp3,2,2018-03-05 20:46:44.383612,00:00:14.912709
64,122905.mp3,147835.mp3,020161.mp3,147835.mp3,2,2018-03-05 20:46:54.630581,00:00:10.246969
65,063936.mp3,016023.mp3,016095.mp3,016095.mp3,2,2018-03-05 20:47:05.481331,00:00:10.85075
66,054716.mp3,010697.mp3,017442.mp3,017442.mp3,2,2018-03-05 20:47:16.76691,00:00:11.285579
67,015366.mp3,053152.mp3,019644.mp3,019644.mp3,2,2018-03-05 20:47:34.412376,00:00:17.645466
68,085420.mp3,001685.mp3,043767.mp3,085420.mp3,2,2018-03-05 20:47:49.034102,00:00:14.621726
69,127358.mp3,107577.mp3,016238.mp3,016238.mp3,2,2018-03-05 20:48:02.239443,00:00:13.205341
70,054662.mp3,001201.mp3,033068.mp3,001201.mp3,2,2018-03-05 20:48:17.212117,00:00:14.972674
71,139776.mp3,064809.mp3,013671.mp3,013671.mp3,2,2018-03-05 20:48:45.646468,00:00:28.434351
72,060283.mp3,033068.mp3,091074.mp3,091074.mp3,2,2018-03-05 20:49:42.205015,00:00:56.558547
73,012532.mp3,124875.mp3,003832.mp3,012532.mp3,2,2018-03-05 20:50:21.414245,00:00:39.20923
74,055830.mp3,074372.mp3,037324.mp3,055830.mp3,2,2018-03-05 20:51:16.525354,00:00:55.111109
75,013559.mp3,032514.mp3,059068.mp3,032514.mp3,2,2018-03-05 20:51:31.771882,00:00:15.246528
76,010697.mp3,087491.mp3,113948.mp3,087491.mp3,2,2018-03-05 20:52:26.097024,00:00:54.325142
77,011375.mp3,046637.mp3,070446.mp3,070446.mp3,4,2018-03-09 21:08:17.317549,00:19:12.285578
78,014543.mp3,122475.mp3,012527.mp3,014543.mp3,4,2018-03-09 21:25:29.958994,00:17:12.641445
79,046999.mp3,019589.mp3,056560.mp3,019589.mp3,4,2018-03-09 21:26:19.088239,00:00:49.129245
80,027107.mp3,144465.mp3,070938.mp3,070938.mp3,4,2018-03-09 21:27:30.628647,00:01:11.540408
81,149191.mp3,001162.mp3,008064.mp3,001162.mp3,4,2018-03-09 21:28:51.280825,00:01:20.652178
82,028598.mp3,001155.mp3,093565.mp3,093565.mp3,4,2018-03-09 21:29:25.867066,00:00:34.586241
83,013328.mp3,013979.mp3,055913.mp3,013979.mp3,4,2018-03-09 21:29:52.271986,00:00:26.40492
84,109874.mp3,013725.mp3,054264.mp3,013725.mp3,4,2018-03-09 21:30:26.180207,00:00:33.908221
85,032683.mp3,019425.mp3,051557.mp3,019425.mp3,4,2018-03-09 21:30:53.225262,00:00:27.045055
86,001701.mp3,035551.mp3,084262.mp3,084262.mp3,4,2018-03-09 21:31:20.452439,00:00:27.227177
87,017442.mp3,071375.mp3,085890.mp3,017442.mp3,4,2018-03-09 21:32:10.58435,00:00:50.131911
88,085890.mp3,032815.mp3,055287.mp3,032815.mp3,4,2018-03-09 21:33:06.810184,00:00:56.225834
89,136319.mp3,011663.mp3,058135.mp3,136319.mp3,4,2018-03-09 21:33:46.737022,00:00:39.926838
90,019133.mp3,046726.mp3,128477.mp3,019133.mp3,4,2018-03-09 21:35:23.337528,00:01:36.600506
91,077386.mp3,014319.mp3,001162.mp3,014319.mp3,4,2018-03-09 21:35:50.564602,00:00:27.227074
92,013190.mp3,058060.mp3,011748.mp3,058060.mp3,3,2018-03-12 19:18:05.752656,3 days 10:12:37.13722
93,011375.mp3,070446.mp3,046637.mp3,070446.mp3,3,2018-03-12 19:18:54.047274,00:00:48.294618
94,012374.mp3,036302.mp3,000814.mp3,036302.mp3,3,2018-03-12 19:19:19.642839,00:00:25.595565
95,008064.mp3,001162.mp3,149191.mp3,149191.mp3,3,2018-03-12 19:19:38.860343,00:00:19.217504
96,020137.mp3,027456.mp3,066074.mp3,020137.mp3,3,2018-03-12 19:20:11.636304,00:00:32.775961
97,144465.mp3,070938.mp3,027107.mp3,144465.mp3,3,2018-03-12 19:20:31.661541,00:00:20.025237
98,017442.mp3,085890.mp3,071375.mp3,085890.mp3,3,2018-03-12 19:21:27.87955,00:00:56.218009
99,032815.mp3,085890.mp3,055287.mp3,085890.mp3,3,2018-03-12 19:21:45.087728,00:00:17.208178
100,019133.mp3,046726.mp3,128477.mp3,046726.mp3,3,2018-03-12 19:22:04.402669,00:00:19.314941
102,071375.mp3,017442.mp3,085890.mp3,085890.mp3,5,2018-03-14 19:27:56.531871,00:01:23.209338
101,037417.mp3,131935.mp3,131960.mp3,131960.mp3,3,2018-03-12 19:22:26.595921,00:00:22.193252
103,013190.mp3,001193.mp3,066956.mp3,066956.mp3,5,2018-03-14 19:32:45.967409,00:04:49.435538
104,077571.mp3,118867.mp3,080353.mp3,080353.mp3,5,2018-03-14 19:47:40.012198,00:14:54.044789
105,004739.mp3,054268.mp3,068430.mp3,004739.mp3,5,2018-03-14 19:49:42.732425,00:02:02.720227
106,062929.mp3,006329.mp3,019133.mp3,019133.mp3,6,2018-03-14 19:51:54.926652,00:00:28.147286
107,083690.mp3,051260.mp3,004522.mp3,083690.mp3,6,2018-03-14 19:52:23.95271,00:00:29.026058
108,072593.mp3,054722.mp3,049843.mp3,054722.mp3,6,2018-03-14 19:54:03.040584,00:01:39.087874
109,014543.mp3,051271.mp3,011200.mp3,014543.mp3,6,2018-03-14 19:55:32.391431,00:01:29.350847
110,062594.mp3,050388.mp3,090621.mp3,062594.mp3,6,2018-03-14 19:56:15.325678,00:00:42.934247
111,083690.mp3,138917.mp3,029530.mp3,138917.mp3,6,2018-03-14 19:56:50.369811,00:00:35.044133
112,068852.mp3,014967.mp3,054258.mp3,068852.mp3,6,2018-03-14 19:57:44.083785,00:00:53.713974
113,013537.mp3,022021.mp3,039665.mp3,022021.mp3,6,2018-03-14 19:58:00.174769,00:00:16.090984
114,109538.mp3,011663.mp3,057819.mp3,011663.mp3,6,2018-03-14 19:58:17.938861,00:00:17.764092
115,019741.mp3,130431.mp3,025235.mp3,019741.mp3,6,2018-03-14 19:58:38.431895,00:00:20.493034
116,115850.mp3,087969.mp3,091846.mp3,087969.mp3,6,2018-03-14 19:59:18.323834,00:00:39.891939
117,032776.mp3,098577.mp3,041583.mp3,098577.mp3,6,2018-03-14 20:00:27.037786,00:01:08.713952
118,013909.mp3,134510.mp3,101118.mp3,013909.mp3,6,2018-03-14 20:00:37.588263,00:00:10.550477
119,129475.mp3,113948.mp3,085420.mp3,129475.mp3,8,2018-03-19 17:05:02.459086,00:01:27.650647
120,011259.mp3,054711.mp3,113820.mp3,011259.mp3,8,2018-03-19 17:05:15.776164,00:00:13.317078
121,019126.mp3,018346.mp3,013909.mp3,013909.mp3,8,2018-03-19 17:05:27.918924,00:00:12.14276
122,105920.mp3,014899.mp3,048438.mp3,048438.mp3,8,2018-03-19 17:05:51.650759,00:00:23.731835
123,059702.mp3,118287.mp3,049478.mp3,059702.mp3,9,2018-03-19 17:06:17.797394,00:00:47.081839
124,036275.mp3,023538.mp3,123506.mp3,023538.mp3,8,2018-03-19 17:06:28.321985,00:00:36.671226
125,062929.mp3,126786.mp3,036275.mp3,126786.mp3,8,2018-03-19 17:06:43.374864,00:00:15.052879
126,128475.mp3,021999.mp3,061680.mp3,061680.mp3,9,2018-03-19 17:07:24.612775,00:01:06.815381
127,113948.mp3,054754.mp3,098680.mp3,054754.mp3,9,2018-03-19 17:07:48.17564,00:00:23.562865
128,107909.mp3,013976.mp3,122503.mp3,122503.mp3,8,2018-03-19 17:07:50.49375,00:01:07.118886
129,071307.mp3,115850.mp3,033068.mp3,115850.mp3,8,2018-03-19 17:08:06.267731,00:00:15.773981
130,025235.mp3,075937.mp3,005141.mp3,075937.mp3,9,2018-03-19 17:08:08.233724,00:00:20.058084
131,039556.mp3,015773.mp3,013190.mp3,015773.mp3,9,2018-03-19 17:09:37.206229,00:01:28.972505
132,001685.mp3,057819.mp3,001289.mp3,001685.mp3,9,2018-03-19 17:10:31.347538,00:00:54.141309
133,019137.mp3,147308.mp3,074941.mp3,019137.mp3,9,2018-03-19 17:10:50.104031,00:00:18.756493
134,087274.mp3,077564.mp3,012381.mp3,077564.mp3,9,2018-03-19 17:11:15.88574,00:00:25.781709
135,123626.mp3,072567.mp3,014952.mp3,072567.mp3,9,2018-03-19 17:11:33.46172,00:00:17.57598
136,054711.mp3,054754.mp3,109957.mp3,109957.mp3,9,2018-03-19 17:11:48.150695,00:00:14.688975
137,019644.mp3,106933.mp3,011819.mp3,106933.mp3,9,2018-03-19 17:11:59.874498,00:00:11.723803
138,001023.mp3,032776.mp3,001118.mp3,001118.mp3,9,2018-03-19 17:12:20.072451,00:00:20.197953
139,062929.mp3,131767.mp3,077571.mp3,131767.mp3,9,2018-03-19 17:15:24.553361,00:03:04.48091
143,001685.mp3,008064.mp3,074941.mp3,008064.mp3,5,2018-03-19 17:28:50.372585,00:00:38.466798
140,128477.mp3,040808.mp3,077386.mp3,040808.mp3,9,2018-03-19 17:17:28.244789,00:00:00
141,013671.mp3,014014.mp3,118735.mp3,118735.mp3,9,2018-03-19 17:26:41.541582,00:09:13.296793
142,154963.mp3,109974.mp3,036275.mp3,154963.mp3,5,2018-03-19 17:28:11.905787,4 days 21:38:29.173362
144,013725.mp3,126177.mp3,014663.mp3,126177.mp3,5,2018-03-19 17:29:31.263037,00:00:40.890452
145,059668.mp3,048263.mp3,016880.mp3,059668.mp3,5,2018-03-19 17:29:52.608015,00:00:21.344978
146,001023.mp3,049843.mp3,019126.mp3,019126.mp3,5,2018-03-19 17:30:12.855252,00:00:20.247237
147,113820.mp3,063414.mp3,126177.mp3,126177.mp3,5,2018-03-19 17:30:23.553724,00:00:10.698472
148,068430.mp3,109446.mp3,011200.mp3,068430.mp3,5,2018-03-19 17:30:38.434366,00:00:14.880642
149,056175.mp3,040239.mp3,014952.mp3,056175.mp3,5,2018-03-19 17:31:00.294412,00:00:21.860046
150,041013.mp3,003266.mp3,129476.mp3,003266.mp3,5,2018-03-19 17:31:21.709525,00:00:21.415113
151,116319.mp3,150017.mp3,010697.mp3,116319.mp3,5,2018-03-19 17:31:36.50357,00:00:14.794045
155,015773.mp3,128482.mp3,032987.mp3,032987.mp3,5,2018-03-19 17:33:05.078464,00:00:30.543225
157,067765.mp3,126177.mp3,021409.mp3,126177.mp3,11,2018-03-19 17:39:36.758535,00:02:22.11561
152,012532.mp3,118867.mp3,072593.mp3,012532.mp3,5,2018-03-19 17:32:01.007373,00:00:24.503803
154,118735.mp3,029187.mp3,013911.mp3,013911.mp3,5,2018-03-19 17:32:34.535239,00:00:22.573458
153,012376.mp3,040239.mp3,011640.mp3,011640.mp3,5,2018-03-19 17:32:11.961781,00:00:10.954408
156,021799.mp3,074944.mp3,014952.mp3,074944.mp3,5,2018-03-19 17:33:21.24143,00:00:16.162966
158,078987.mp3,083438.mp3,059707.mp3,059707.mp3,12,2018-03-19 17:41:53.660473,00:01:19.723925
159,080023.mp3,122083.mp3,087274.mp3,087274.mp3,12,2018-03-19 17:42:11.674769,00:00:18.014296
160,053229.mp3,042722.mp3,027950.mp3,027950.mp3,11,2018-03-19 17:42:48.499211,00:03:11.740676
161,074002.mp3,060993.mp3,013190.mp3,060993.mp3,12,2018-03-19 17:43:03.547041,00:00:51.872272
162,112379.mp3,083062.mp3,033651.mp3,033651.mp3,12,2018-03-19 17:44:00.039024,00:00:56.491983
163,025111.mp3,004508.mp3,081086.mp3,004508.mp3,12,2018-03-19 17:44:53.851667,00:00:53.812643
164,056175.mp3,013910.mp3,026465.mp3,013910.mp3,12,2018-03-19 17:45:42.552457,00:00:48.70079
165,013908.mp3,000853.mp3,006785.mp3,000853.mp3,12,2018-03-19 17:46:03.803597,00:00:21.25114
166,097216.mp3,130246.mp3,091846.mp3,097216.mp3,12,2018-03-19 17:46:30.21927,00:00:26.415673
167,077386.mp3,114393.mp3,019137.mp3,114393.mp3,12,2018-03-19 17:46:47.285191,00:00:17.065921
168,007875.mp3,093565.mp3,059658.mp3,007875.mp3,12,2018-03-19 17:47:28.518756,00:00:41.233565
169,010006.mp3,011199.mp3,000776.mp3,000776.mp3,12,2018-03-19 17:47:42.283582,00:00:13.764826
170,113808.mp3,087274.mp3,097880.mp3,097880.mp3,12,2018-03-19 17:48:00.500184,00:00:18.216602
171,012376.mp3,118725.mp3,126432.mp3,012376.mp3,12,2018-03-19 17:48:44.40521,00:00:43.905026
172,072593.mp3,023538.mp3,019741.mp3,019741.mp3,12,2018-03-19 17:49:12.395822,00:00:27.990612
173,055830.mp3,001485.mp3,014364.mp3,001485.mp3,12,2018-03-19 17:49:33.523794,00:00:21.127972
174,012673.mp3,087274.mp3,001701.mp3,001701.mp3,11,2018-03-19 17:59:19.065733,00:16:30.566522
175,022097.mp3,024739.mp3,048809.mp3,024739.mp3,8,2018-03-19 18:03:36.150423,00:55:29.882692
176,016023.mp3,132451.mp3,048269.mp3,048269.mp3,8,2018-03-19 18:03:46.290685,00:00:10.140262
177,013910.mp3,131899.mp3,019644.mp3,131899.mp3,8,2018-03-19 18:03:59.545415,00:00:13.25473
178,077386.mp3,019465.mp3,033129.mp3,033129.mp3,8,2018-03-19 18:04:12.416711,00:00:12.871296
179,043767.mp3,031621.mp3,037417.mp3,037417.mp3,8,2018-03-19 18:04:32.160302,00:00:19.743591
180,001045.mp3,129476.mp3,127920.mp3,001045.mp3,8,2018-03-19 18:04:49.432965,00:00:17.272663
181,013566.mp3,058207.mp3,050972.mp3,050972.mp3,11,2018-03-19 18:05:57.068121,00:06:38.002388
182,143091.mp3,106952.mp3,134317.mp3,134317.mp3,11,2018-03-19 18:51:28.686436,00:45:31.618315
183,039665.mp3,101118.mp3,092536.mp3,092536.mp3,11,2018-03-19 19:14:09.715632,00:22:41.029196
184,013909.mp3,125160.mp3,016982.mp3,013909.mp3,11,2018-03-19 19:15:59.858468,00:01:50.142836
185,043844.mp3,020705.mp3,123626.mp3,020705.mp3,13,2018-03-19 19:16:34.008533,00:01:34.220713
186,107909.mp3,059682.mp3,075937.mp3,075937.mp3,13,2018-03-19 19:18:43.70522,00:02:09.696687
187,020705.mp3,110109.mp3,031565.mp3,110109.mp3,11,2018-03-19 19:19:20.167614,00:03:20.309146
188,042377.mp3,011679.mp3,028598.mp3,042377.mp3,13,2018-03-19 19:21:04.435605,00:02:20.730385
189,138917.mp3,083438.mp3,063414.mp3,138917.mp3,13,2018-03-19 19:22:26.61637,00:01:22.180765
190,026010.mp3,114939.mp3,097041.mp3,114939.mp3,13,2018-03-19 19:23:13.02684,00:00:46.41047
191,140790.mp3,001155.mp3,012691.mp3,140790.mp3,13,2018-03-19 19:25:16.035533,00:02:03.008693
192,073571.mp3,013592.mp3,003463.mp3,013592.mp3,13,2018-03-19 19:26:43.988349,00:01:27.952816
193,014967.mp3,000853.mp3,029942.mp3,000853.mp3,13,2018-03-19 19:33:42.252237,00:06:58.263888
194,143237.mp3,074948.mp3,113820.mp3,113820.mp3,13,2018-03-19 19:34:59.767481,00:01:17.515244
195,113820.mp3,125160.mp3,129092.mp3,129092.mp3,13,2018-03-19 19:35:54.96981,00:00:55.202329
196,108500.mp3,014663.mp3,140839.mp3,014663.mp3,13,2018-03-19 19:36:33.601827,00:00:38.632017
197,048438.mp3,087274.mp3,130690.mp3,087274.mp3,13,2018-03-19 19:37:12.900797,00:00:39.29897
198,004698.mp3,060472.mp3,039665.mp3,004698.mp3,13,2018-03-19 19:39:05.265264,00:01:52.364467
199,059372.mp3,054754.mp3,091184.mp3,054754.mp3,13,2018-03-19 19:40:37.083917,00:01:31.818653
200,001485.mp3,132131.mp3,019224.mp3,001485.mp3,13,2018-03-19 19:41:03.836466,00:00:26.752549
201,011868.mp3,136319.mp3,000776.mp3,000776.mp3,14,2018-03-19 20:51:22.451888,00:02:05.284473
202,113820.mp3,013220.mp3,016880.mp3,013220.mp3,14,2018-03-19 20:53:18.780201,00:01:56.328313
203,130663.mp3,092206.mp3,023538.mp3,092206.mp3,14,2018-03-19 20:55:00.019228,00:01:41.239027
204,019644.mp3,019133.mp3,000667.mp3,000667.mp3,14,2018-03-19 20:56:43.639441,00:01:43.620213
205,046732.mp3,138917.mp3,098680.mp3,098680.mp3,14,2018-03-19 20:58:29.206803,00:01:45.567362
206,014967.mp3,057439.mp3,013749.mp3,014967.mp3,11,2018-03-19 20:59:35.304207,01:40:15.136593
209,068229.mp3,019425.mp3,109049.mp3,109049.mp3,14,2018-03-19 21:01:52.184163,00:01:41.404023
212,152425.mp3,118867.mp3,003266.mp3,118867.mp3,14,2018-03-19 21:05:13.072692,00:01:42.148417
213,129481.mp3,068243.mp3,109903.mp3,068243.mp3,14,2018-03-19 21:07:21.017755,00:02:07.945063
221,074944.mp3,143091.mp3,098680.mp3,098680.mp3,14,2018-03-19 21:16:26.031535,00:01:46.94734
207,134510.mp3,074941.mp3,057665.mp3,057665.mp3,14,2018-03-19 21:00:10.78014,00:01:41.573337
208,106871.mp3,023538.mp3,124751.mp3,106871.mp3,11,2018-03-19 21:00:56.699667,00:01:21.39546
219,024654.mp3,029942.mp3,011663.mp3,029942.mp3,14,2018-03-19 21:14:39.084195,00:01:55.145548
210,133802.mp3,014014.mp3,109538.mp3,109538.mp3,14,2018-03-19 21:03:30.924275,00:01:38.740112
215,011209.mp3,041581.mp3,080023.mp3,011209.mp3,11,2018-03-19 21:10:47.506744,00:06:05.415958
218,118874.mp3,081782.mp3,085690.mp3,118874.mp3,14,2018-03-19 21:12:43.938647,00:01:45.573466
211,042649.mp3,056175.mp3,071375.mp3,056175.mp3,11,2018-03-19 21:04:42.090786,00:03:45.391119
214,054719.mp3,027634.mp3,032510.mp3,054719.mp3,14,2018-03-19 21:09:06.115836,00:01:45.098081
216,024739.mp3,126432.mp3,107849.mp3,024739.mp3,14,2018-03-19 21:10:58.365181,00:01:52.249345
217,086789.mp3,001045.mp3,123503.mp3,123503.mp3,11,2018-03-19 21:12:11.939989,00:01:24.433245
220,059707.mp3,026010.mp3,040354.mp3,059707.mp3,11,2018-03-19 21:15:54.433885,00:03:42.493896
222,059668.mp3,097981.mp3,000776.mp3,000776.mp3,15,2018-03-27 14:30:32.868921,00:03:14.407742
223,056175.mp3,020461.mp3,039665.mp3,020461.mp3,15,2018-03-27 14:32:25.031338,00:01:52.162417
224,039556.mp3,018346.mp3,118867.mp3,018346.mp3,15,2018-03-27 14:34:11.41675,00:01:46.385412
225,068430.mp3,006603.mp3,087491.mp3,087491.mp3,15,2018-03-27 14:36:08.609009,00:01:57.192259
226,068430.mp3,013999.mp3,124459.mp3,124459.mp3,15,2018-03-27 14:37:28.432153,00:01:19.823144
227,024698.mp3,086789.mp3,097981.mp3,097981.mp3,15,2018-03-27 14:39:13.329472,00:01:44.897319
228,054570.mp3,017497.mp3,129052.mp3,129052.mp3,15,2018-03-27 14:41:00.455401,00:01:47.125929
229,013220.mp3,024654.mp3,043610.mp3,013220.mp3,15,2018-03-27 14:43:04.598904,00:02:04.143503
230,043610.mp3,014319.mp3,078123.mp3,014319.mp3,15,2018-03-27 14:45:22.46771,00:02:17.868806
231,019493.mp3,018386.mp3,129481.mp3,129481.mp3,15,2018-03-27 14:47:43.985914,00:02:21.518204
232,060726.mp3,082895.mp3,052407.mp3,082895.mp3,15,2018-03-27 14:49:54.506083,00:02:10.520169
233,060726.mp3,114281.mp3,073087.mp3,114281.mp3,15,2018-03-27 14:51:49.951383,00:01:55.4453
234,000535.mp3,118874.mp3,131942.mp3,131942.mp3,15,2018-03-27 14:53:53.085135,00:02:03.133752
235,066938.mp3,028086.mp3,109974.mp3,066938.mp3,15,2018-03-27 14:55:57.442206,00:02:04.357071
236,067765.mp3,014952.mp3,118867.mp3,118867.mp3,15,2018-03-27 14:57:57.209665,00:01:59.767459
237,025012.mp3,047035.mp3,097880.mp3,025012.mp3,16,2018-03-31 15:13:39.817533,00:00:38.751629
238,013742.mp3,000776.mp3,060865.mp3,060865.mp3,17,2018-03-31 15:19:25.650524,00:01:51.404775
239,087274.mp3,108500.mp3,105699.mp3,105699.mp3,17,2018-03-31 15:21:16.624032,00:01:50.973508
240,059658.mp3,098933.mp3,087274.mp3,087274.mp3,17,2018-03-31 15:23:17.524045,00:02:00.900013
241,068430.mp3,125314.mp3,011868.mp3,011868.mp3,17,2018-03-31 15:25:14.129073,00:01:56.605028
242,060472.mp3,071271.mp3,128482.mp3,071271.mp3,17,2018-03-31 15:28:45.278393,00:03:31.14932
243,042238.mp3,140790.mp3,021013.mp3,140790.mp3,17,2018-03-31 15:34:41.487049,00:05:56.208656
244,051321.mp3,113022.mp3,123626.mp3,051321.mp3,17,2018-03-31 15:39:18.724085,00:04:37.237036
245,005119.mp3,085436.mp3,014907.mp3,014907.mp3,18,2018-03-31 15:40:39.54034,00:02:07.925218
246,066956.mp3,086789.mp3,010970.mp3,086789.mp3,18,2018-03-31 15:41:33.771758,00:00:54.231418
247,128475.mp3,126177.mp3,067765.mp3,128475.mp3,18,2018-03-31 15:42:24.192726,00:00:50.420968
248,122533.mp3,087969.mp3,004739.mp3,122533.mp3,18,2018-03-31 15:43:27.298238,00:01:03.105512
249,001836.mp3,098577.mp3,022299.mp3,098577.mp3,18,2018-03-31 15:44:24.332049,00:00:57.033811
250,000814.mp3,011885.mp3,131935.mp3,000814.mp3,18,2018-03-31 15:45:19.906661,00:00:55.574612
251,098577.mp3,050288.mp3,061680.mp3,050288.mp3,18,2018-03-31 15:45:56.995035,00:00:37.088374
252,085420.mp3,113261.mp3,080023.mp3,080023.mp3,18,2018-03-31 15:46:25.566215,00:00:28.57118
253,018040.mp3,013979.mp3,149191.mp3,018040.mp3,18,2018-03-31 15:46:52.33628,00:00:26.770065
254,086789.mp3,125283.mp3,044799.mp3,086789.mp3,18,2018-03-31 15:47:44.030001,00:00:51.693721
255,072210.mp3,042747.mp3,068841.mp3,068841.mp3,18,2018-03-31 15:48:29.082003,00:00:45.052002
256,013912.mp3,025111.mp3,121591.mp3,013912.mp3,18,2018-03-31 15:49:46.062336,00:01:16.980333
257,082501.mp3,068430.mp3,039665.mp3,039665.mp3,18,2018-03-31 15:50:05.482154,00:00:19.419818
258,078987.mp3,091846.mp3,024720.mp3,024720.mp3,18,2018-03-31 15:50:50.579627,00:00:45.097473
259,014394.mp3,053687.mp3,148192.mp3,148192.mp3,18,2018-03-31 15:51:21.267549,00:00:30.687922
260,061680.mp3,048263.mp3,086789.mp3,086789.mp3,17,2018-03-31 16:16:33.912413,00:00:00
261,126177.mp3,086789.mp3,138732.mp3,138732.mp3,17,2018-03-31 16:18:33.131456,00:01:59.219043
262,109538.mp3,001649.mp3,068430.mp3,068430.mp3,17,2018-03-31 16:20:31.011634,00:01:57.880178
263,070208.mp3,011259.mp3,013978.mp3,011259.mp3,17,2018-03-31 16:25:36.958349,00:05:05.946715
264,123470.mp3,023538.mp3,013646.mp3,023538.mp3,17,2018-03-31 16:28:29.573064,00:02:52.614715
265,000679.mp3,054711.mp3,134994.mp3,134994.mp3,17,2018-03-31 16:31:28.646459,00:02:59.073395
266,115373.mp3,077386.mp3,059707.mp3,059707.mp3,17,2018-03-31 16:34:06.18268,00:02:37.536221
268,041568.mp3,143465.mp3,005379.mp3,041568.mp3,19,2018-03-31 18:25:04.057816,00:02:07.319352
278,144465.mp3,016880.mp3,040354.mp3,144465.mp3,19,2018-03-31 19:11:03.119532,00:04:41.455869
281,006785.mp3,154853.mp3,031802.mp3,006785.mp3,19,2018-03-31 19:16:03.212965,00:00:30.900947
282,130349.mp3,004739.mp3,084262.mp3,084262.mp3,19,2018-03-31 19:16:25.491061,00:00:22.278096
284,077386.mp3,109446.mp3,081874.mp3,109446.mp3,22,2018-03-31 22:36:36.133621,00:01:58.027914
267,013911.mp3,022357.mp3,016238.mp3,022357.mp3,17,2018-03-31 16:39:26.724819,00:05:20.542139
271,128476.mp3,113820.mp3,040808.mp3,128476.mp3,19,2018-03-31 18:29:46.519016,00:02:35.787368
274,123439.mp3,098314.mp3,001045.mp3,123439.mp3,19,2018-03-31 18:53:05.666888,00:08:18.675558
275,122622.mp3,068430.mp3,044791.mp3,122622.mp3,19,2018-03-31 18:56:08.739237,00:03:03.072349
277,141869.mp3,024739.mp3,067765.mp3,141869.mp3,19,2018-03-31 19:06:21.663663,00:06:23.912902
279,031621.mp3,014364.mp3,027194.mp3,014364.mp3,19,2018-03-31 19:14:48.444087,00:03:45.324555
283,097692.mp3,024720.mp3,051331.mp3,051331.mp3,19,2018-03-31 19:16:45.869571,00:00:20.37851
285,000835.mp3,000679.mp3,148430.mp3,000835.mp3,22,2018-03-31 22:38:23.393675,00:01:47.260054
269,153452.mp3,001121.mp3,000776.mp3,153452.mp3,19,2018-03-31 18:27:10.731648,00:02:06.673832
272,004125.mp3,028598.mp3,118867.mp3,028598.mp3,19,2018-03-31 18:32:56.224116,00:03:09.7051
270,032776.mp3,074941.mp3,031621.mp3,074941.mp3,20,2018-03-31 18:27:48.779797,00:01:50.980376
273,085690.mp3,129475.mp3,145401.mp3,145401.mp3,19,2018-03-31 18:44:46.99133,00:11:50.767214
276,051331.mp3,011957.mp3,025235.mp3,025235.mp3,19,2018-03-31 18:59:57.750761,00:03:49.011524
280,005940.mp3,129481.mp3,122622.mp3,122622.mp3,19,2018-03-31 19:15:32.312018,00:00:43.867931
286,090621.mp3,140584.mp3,036302.mp3,090621.mp3,22,2018-03-31 22:39:40.495415,00:01:17.10174
287,113820.mp3,011640.mp3,113288.mp3,113288.mp3,22,2018-03-31 22:41:15.70917,00:01:35.213755
288,064809.mp3,013976.mp3,057819.mp3,064809.mp3,22,2018-03-31 22:42:38.395388,00:01:22.686218
289,056551.mp3,016023.mp3,086789.mp3,016023.mp3,22,2018-03-31 22:43:50.092664,00:01:11.697276
290,068243.mp3,091846.mp3,006393.mp3,091846.mp3,22,2018-03-31 22:45:42.422942,00:01:52.330278
291,023538.mp3,051272.mp3,016023.mp3,016023.mp3,22,2018-03-31 22:47:00.21832,00:01:17.795378
292,031621.mp3,050283.mp3,020673.mp3,020673.mp3,22,2018-03-31 22:48:10.530077,00:01:10.311757
293,147216.mp3,118867.mp3,012578.mp3,118867.mp3,22,2018-03-31 22:49:31.475363,00:01:20.945286
294,109903.mp3,068430.mp3,024063.mp3,109903.mp3,22,2018-03-31 22:51:23.188565,00:01:51.713202
295,119751.mp3,001023.mp3,140579.mp3,140579.mp3,22,2018-03-31 22:53:05.357766,00:01:42.169201
296,003463.mp3,067765.mp3,087274.mp3,003463.mp3,22,2018-03-31 22:55:09.789603,00:02:04.431837
297,086789.mp3,014899.mp3,046732.mp3,014899.mp3,22,2018-03-31 22:56:27.705577,00:01:17.915974
298,122533.mp3,014907.mp3,060726.mp3,060726.mp3,22,2018-03-31 22:58:14.429791,00:01:46.724214
299,093565.mp3,083642.mp3,032510.mp3,083642.mp3,24,2018-04-01 11:52:41.704718,00:01:22.264841
300,115925.mp3,086789.mp3,010971.mp3,115925.mp3,25,2018-04-01 12:13:19.223223,00:01:35.343774
301,046089.mp3,148430.mp3,004537.mp3,004537.mp3,25,2018-04-01 12:15:06.244461,00:01:47.021238
302,001926.mp3,132123.mp3,013999.mp3,013999.mp3,26,2018-04-01 15:46:56.564472,00:01:18.7391
303,038545.mp3,013978.mp3,126432.mp3,126432.mp3,26,2018-04-01 15:47:14.334085,00:00:17.769613
304,147924.mp3,003266.mp3,125314.mp3,147924.mp3,26,2018-04-01 15:47:36.256259,00:00:21.922174
305,041583.mp3,040808.mp3,013912.mp3,013912.mp3,26,2018-04-01 15:47:46.33557,00:00:10.079311
306,085436.mp3,147835.mp3,059658.mp3,059658.mp3,26,2018-04-01 15:47:58.89691,00:00:12.56134
307,048990.mp3,016238.mp3,043698.mp3,043698.mp3,26,2018-04-01 15:48:10.721019,00:00:11.824109
308,018346.mp3,128482.mp3,043698.mp3,043698.mp3,26,2018-04-01 15:48:23.999865,00:00:13.278846
309,063595.mp3,064809.mp3,098680.mp3,063595.mp3,26,2018-04-01 15:48:39.532328,00:00:15.532463
310,105822.mp3,046726.mp3,148192.mp3,148192.mp3,27,2018-04-01 15:48:54.0325,00:01:46.493981
311,043025.mp3,053687.mp3,051321.mp3,043025.mp3,26,2018-04-01 15:49:02.292129,00:00:22.759801
312,063771.mp3,060144.mp3,064809.mp3,063771.mp3,26,2018-04-01 15:49:15.395701,00:00:13.103572
313,025795.mp3,100522.mp3,043863.mp3,043863.mp3,27,2018-04-01 15:49:27.998727,00:00:33.966227
314,003463.mp3,073171.mp3,119584.mp3,119584.mp3,26,2018-04-01 15:49:28.461562,00:00:13.065861
315,016023.mp3,000776.mp3,115850.mp3,115850.mp3,26,2018-04-01 15:49:43.828752,00:00:15.36719
316,000535.mp3,057665.mp3,022024.mp3,000535.mp3,26,2018-04-01 15:49:59.003495,00:00:15.174743
317,015487.mp3,012381.mp3,057406.mp3,015487.mp3,26,2018-04-01 15:50:20.761588,00:00:21.758093
318,033651.mp3,123626.mp3,021409.mp3,123626.mp3,27,2018-04-01 15:50:33.118,00:01:05.119273
319,087157.mp3,042138.mp3,154435.mp3,154435.mp3,26,2018-04-01 15:50:35.337379,00:00:14.575791
320,014899.mp3,131767.mp3,130663.mp3,014899.mp3,27,2018-04-01 15:50:56.643867,00:00:23.525867
321,074947.mp3,109974.mp3,004537.mp3,109974.mp3,27,2018-04-01 15:51:48.91883,00:00:52.274963
322,056467.mp3,099084.mp3,090621.mp3,099084.mp3,27,2018-04-01 15:51:59.38732,00:00:10.46849
323,013749.mp3,072688.mp3,043517.mp3,013749.mp3,27,2018-04-01 15:53:14.637802,00:00:00
324,060865.mp3,013978.mp3,062002.mp3,060865.mp3,27,2018-04-01 15:53:28.935799,00:00:14.297997
325,070208.mp3,097216.mp3,014967.mp3,070208.mp3,27,2018-04-01 15:53:59.073682,00:00:30.137883
326,015487.mp3,091709.mp3,026465.mp3,091709.mp3,27,2018-04-01 15:54:21.088851,00:00:22.015169
327,006463.mp3,043863.mp3,013908.mp3,013908.mp3,27,2018-04-01 15:54:56.854514,00:00:35.765663
328,086446.mp3,004445.mp3,107909.mp3,004445.mp3,27,2018-04-01 15:55:19.194384,00:00:22.33987
329,019465.mp3,114281.mp3,053687.mp3,053687.mp3,27,2018-04-01 15:55:49.495794,00:00:30.30141
330,115925.mp3,013979.mp3,105822.mp3,115925.mp3,27,2018-04-01 15:56:17.824065,00:00:28.328271
331,007483.mp3,130663.mp3,051289.mp3,007483.mp3,27,2018-04-01 15:56:33.004649,00:00:15.180584
332,048438.mp3,000835.mp3,123431.mp3,048438.mp3,28,2018-04-01 19:28:27.472714,00:00:34.541571
339,042461.mp3,108488.mp3,152425.mp3,152425.mp3,28,2018-04-01 19:33:26.852138,00:00:28.510625
344,061736.mp3,073151.mp3,140579.mp3,061736.mp3,28,2018-04-01 19:37:00.668074,00:00:20.961763
345,010449.mp3,003463.mp3,114412.mp3,003463.mp3,28,2018-04-01 19:37:20.512337,00:00:19.844263
348,134940.mp3,054662.mp3,003832.mp3,054662.mp3,29,2018-04-01 20:03:25.058392,00:01:03.27542
349,049431.mp3,147924.mp3,013190.mp3,147924.mp3,29,2018-04-01 20:04:45.333264,00:01:20.274872
351,129476.mp3,011957.mp3,130349.mp3,129476.mp3,29,2018-04-01 20:05:55.462709,00:00:44.52816
352,142577.mp3,145556.mp3,031621.mp3,031621.mp3,29,2018-04-01 20:06:41.19663,00:00:45.733921
353,044791.mp3,107849.mp3,007875.mp3,107849.mp3,29,2018-04-01 20:07:27.031972,00:00:45.835342
355,123626.mp3,113022.mp3,071396.mp3,123626.mp3,30,2018-04-01 21:34:01.322199,00:01:44.32271
356,118867.mp3,051289.mp3,130581.mp3,118867.mp3,30,2018-04-01 21:35:42.939875,00:01:41.617676
333,013909.mp3,004537.mp3,014394.mp3,014394.mp3,28,2018-04-01 19:29:27.775337,00:01:00.302623
335,049471.mp3,119584.mp3,000603.mp3,000603.mp3,28,2018-04-01 19:30:49.867872,00:00:49.781695
337,097981.mp3,013191.mp3,142577.mp3,142577.mp3,28,2018-04-01 19:32:30.825772,00:00:56.787092
342,024654.mp3,051194.mp3,064809.mp3,064809.mp3,28,2018-04-01 19:36:08.747244,00:00:34.025377
346,087274.mp3,005119.mp3,110172.mp3,087274.mp3,28,2018-04-01 19:37:49.674068,00:00:29.161731
347,000706.mp3,091569.mp3,043844.mp3,000706.mp3,29,2018-04-01 20:02:21.782972,00:01:34.077132
334,117881.mp3,025235.mp3,119988.mp3,119988.mp3,28,2018-04-01 19:30:00.086177,00:00:32.31084
336,042138.mp3,082501.mp3,012530.mp3,042138.mp3,28,2018-04-01 19:31:34.03868,00:00:44.170808
343,062533.mp3,058117.mp3,017442.mp3,058117.mp3,28,2018-04-01 19:36:39.706311,00:00:30.959067
354,074982.mp3,055830.mp3,028598.mp3,028598.mp3,30,2018-04-01 21:32:16.999489,00:02:15.472469
338,057439.mp3,082509.mp3,125314.mp3,125314.mp3,28,2018-04-01 19:32:58.341513,00:00:27.515741
340,087274.mp3,133100.mp3,081876.mp3,133100.mp3,28,2018-04-01 19:33:55.578553,00:00:28.726415
341,086043.mp3,041581.mp3,128476.mp3,128476.mp3,28,2018-04-01 19:35:34.721867,00:01:39.143314
350,128477.mp3,083690.mp3,043610.mp3,043610.mp3,29,2018-04-01 20:05:10.934549,00:00:25.601285
357,109480.mp3,016238.mp3,078123.mp3,016238.mp3,30,2018-04-01 21:37:20.4723,00:01:37.532425
358,047035.mp3,038545.mp3,081086.mp3,081086.mp3,30,2018-04-01 21:39:01.666627,00:01:41.194327
359,019133.mp3,015775.mp3,116319.mp3,015775.mp3,30,2018-04-01 21:40:46.316576,00:01:44.649949
360,064877.mp3,018031.mp3,018226.mp3,018226.mp3,30,2018-04-01 21:42:21.671008,00:01:35.354432
361,050609.mp3,057819.mp3,128482.mp3,057819.mp3,30,2018-04-01 21:43:59.853558,00:01:38.18255
362,010697.mp3,130581.mp3,127866.mp3,010697.mp3,30,2018-04-01 21:45:51.060847,00:01:51.207289
363,083642.mp3,091846.mp3,098668.mp3,083642.mp3,30,2018-04-01 21:47:48.624813,00:01:57.563966
364,004508.mp3,070190.mp3,000694.mp3,070190.mp3,30,2018-04-01 21:49:24.990078,00:01:36.365265
365,110259.mp3,012691.mp3,032683.mp3,012691.mp3,30,2018-04-01 21:51:13.607573,00:01:48.617495
366,134486.mp3,087274.mp3,024063.mp3,024063.mp3,30,2018-04-01 21:52:56.25994,00:01:42.652367
367,019126.mp3,047712.mp3,000776.mp3,047712.mp3,30,2018-04-01 21:54:38.599865,00:01:42.339925
368,011198.mp3,024739.mp3,072513.mp3,024739.mp3,30,2018-04-01 21:56:18.805852,00:01:40.205987
369,098130.mp3,087274.mp3,034148.mp3,034148.mp3,31,2018-04-01 23:02:46.832849,00:01:18.42324
370,043621.mp3,078123.mp3,098667.mp3,043621.mp3,31,2018-04-01 23:03:16.764937,00:00:29.932088
371,127724.mp3,129476.mp3,090834.mp3,127724.mp3,31,2018-04-01 23:03:45.972083,00:00:29.207146
372,004508.mp3,001963.mp3,113022.mp3,004508.mp3,31,2018-04-01 23:04:14.633967,00:00:28.661884
373,150017.mp3,118867.mp3,018805.mp3,118867.mp3,31,2018-04-01 23:04:43.33464,00:00:28.700673
374,123439.mp3,046089.mp3,042751.mp3,042751.mp3,31,2018-04-01 23:05:09.888069,00:00:26.553429
375,098577.mp3,046726.mp3,142456.mp3,142456.mp3,31,2018-04-01 23:05:36.991462,00:00:27.103393
376,143237.mp3,024739.mp3,064877.mp3,024739.mp3,31,2018-04-01 23:05:52.53626,00:00:15.544798
377,136319.mp3,006603.mp3,152425.mp3,136319.mp3,31,2018-04-01 23:06:09.425772,00:00:16.889512
378,054711.mp3,126177.mp3,106952.mp3,126177.mp3,31,2018-04-01 23:06:27.821009,00:00:18.395237
379,024720.mp3,064836.mp3,091846.mp3,064836.mp3,31,2018-04-01 23:06:53.946554,00:00:26.125545
380,008531.mp3,024426.mp3,118867.mp3,024426.mp3,31,2018-04-01 23:07:25.852849,00:00:31.906295
381,013365.mp3,063771.mp3,023538.mp3,013365.mp3,31,2018-04-01 23:07:44.046243,00:00:18.193394
382,019493.mp3,007875.mp3,029942.mp3,019493.mp3,31,2018-04-01 23:08:12.885128,00:00:28.838885
383,001045.mp3,106340.mp3,056551.mp3,056551.mp3,31,2018-04-01 23:08:27.045825,00:00:14.160697
384,055287.mp3,000694.mp3,021410.mp3,000694.mp3,32,2018-04-02 07:41:12.635596,00:00:42.162296
385,031621.mp3,023856.mp3,123439.mp3,123439.mp3,33,2018-04-02 12:12:15.308004,00:04:00.626966
386,110928.mp3,124459.mp3,114041.mp3,124459.mp3,33,2018-04-02 12:12:41.75941,00:00:26.451406
387,129476.mp3,011957.mp3,071375.mp3,011957.mp3,33,2018-04-02 12:13:00.020623,00:00:18.261213
388,025795.mp3,010006.mp3,118874.mp3,010006.mp3,33,2018-04-02 12:13:25.632505,00:00:25.611882
389,114651.mp3,043621.mp3,098680.mp3,098680.mp3,33,2018-04-02 12:13:38.519433,00:00:12.886928
390,019126.mp3,113932.mp3,101118.mp3,101118.mp3,35,2018-04-02 14:36:57.395289,00:01:20.998208
391,104087.mp3,098314.mp3,041568.mp3,104087.mp3,35,2018-04-02 14:38:27.518714,00:01:30.123425
392,041581.mp3,000776.mp3,143465.mp3,041581.mp3,35,2018-04-02 14:38:59.574106,00:00:32.055392
393,090149.mp3,004537.mp3,041568.mp3,090149.mp3,35,2018-04-02 14:39:44.227258,00:00:44.653152
394,122533.mp3,108500.mp3,085436.mp3,108500.mp3,35,2018-04-02 14:40:54.6426,00:01:10.415342
395,043610.mp3,019137.mp3,101118.mp3,101118.mp3,35,2018-04-02 14:42:02.568361,00:01:07.925761
396,022024.mp3,054202.mp3,087274.mp3,054202.mp3,35,2018-04-02 14:42:32.330671,00:00:29.76231
397,074142.mp3,036302.mp3,022084.mp3,036302.mp3,35,2018-04-02 14:43:45.352661,00:01:13.02199
398,049843.mp3,024698.mp3,129476.mp3,049843.mp3,35,2018-04-02 14:44:28.883958,00:00:43.531297
399,033129.mp3,092206.mp3,016238.mp3,092206.mp3,35,2018-04-02 14:45:21.317508,00:00:52.43355
400,085890.mp3,003463.mp3,001121.mp3,001121.mp3,35,2018-04-02 14:46:03.353219,00:00:42.035711
401,019465.mp3,019137.mp3,087274.mp3,087274.mp3,35,2018-04-02 14:46:39.758863,00:00:36.405644
402,013596.mp3,143237.mp3,038545.mp3,038545.mp3,35,2018-04-02 14:47:03.255033,00:00:23.49617
403,011198.mp3,011640.mp3,060144.mp3,060144.mp3,35,2018-04-02 14:48:09.708563,00:01:06.45353
414,037961.mp3,068430.mp3,070190.mp3,070190.mp3,36,2018-04-02 17:21:53.215039,00:02:00.190561
416,133833.mp3,085690.mp3,013978.mp3,013978.mp3,36,2018-04-02 17:28:41.934609,00:04:37.48456
418,128922.mp3,012611.mp3,082504.mp3,012611.mp3,36,2018-04-02 17:33:54.560001,00:02:34.936107
424,036302.mp3,061680.mp3,127866.mp3,127866.mp3,37,2018-04-03 12:52:41.380231,00:00:27.617428
426,006406.mp3,073087.mp3,013979.mp3,073087.mp3,37,2018-04-03 12:54:07.728348,00:00:55.513017
428,074955.mp3,057439.mp3,091184.mp3,091184.mp3,37,2018-04-03 12:56:02.286473,00:00:57.291601
429,012530.mp3,143465.mp3,086446.mp3,086446.mp3,37,2018-04-03 12:56:45.592946,00:00:43.306473
404,013999.mp3,142456.mp3,068430.mp3,142456.mp3,35,2018-04-02 14:49:04.532422,00:00:54.823859
407,010970.mp3,147835.mp3,092536.mp3,092536.mp3,36,2018-04-02 17:02:59.018615,00:02:38.443246
409,006463.mp3,024720.mp3,022021.mp3,006463.mp3,36,2018-04-02 17:06:07.214021,00:01:55.550024
413,014014.mp3,121719.mp3,054719.mp3,121719.mp3,36,2018-04-02 17:19:53.024478,00:02:30.77853
415,041568.mp3,003538.mp3,143465.mp3,041568.mp3,36,2018-04-02 17:24:04.450049,00:02:11.23501
417,021999.mp3,128475.mp3,013911.mp3,021999.mp3,36,2018-04-02 17:31:19.623894,00:02:37.689285
419,059707.mp3,074431.mp3,000679.mp3,074431.mp3,36,2018-04-02 17:37:34.549879,00:03:39.989878
420,123105.mp3,109049.mp3,107909.mp3,123105.mp3,37,2018-04-03 12:50:33.907468,00:01:00.400992
421,073571.mp3,027634.mp3,154963.mp3,154963.mp3,37,2018-04-03 12:50:54.691117,00:00:20.783649
423,056175.mp3,019126.mp3,071307.mp3,071307.mp3,37,2018-04-03 12:52:13.762803,00:00:50.753508
425,113820.mp3,001685.mp3,023856.mp3,001685.mp3,37,2018-04-03 12:53:12.215331,00:00:30.8351
430,001963.mp3,109446.mp3,056175.mp3,109446.mp3,38,2018-04-03 12:57:43.607044,00:01:45.391609
436,057406.mp3,086789.mp3,024367.mp3,086789.mp3,39,2018-04-05 12:28:54.615665,00:01:58.9056
405,072696.mp3,091846.mp3,012602.mp3,012602.mp3,36,2018-04-02 16:58:19.18347,00:02:07.591193
406,059658.mp3,134759.mp3,030075.mp3,030075.mp3,36,2018-04-02 17:00:20.575369,00:02:01.391899
408,043869.mp3,140579.mp3,148192.mp3,043869.mp3,36,2018-04-02 17:04:11.663997,00:01:12.645382
412,098130.mp3,031805.mp3,057078.mp3,098130.mp3,36,2018-04-02 17:17:22.245948,00:03:03.818662
427,098668.mp3,057078.mp3,038545.mp3,038545.mp3,37,2018-04-03 12:55:04.994872,00:00:57.266524
432,072696.mp3,118867.mp3,018031.mp3,018031.mp3,37,2018-04-03 13:00:09.322525,00:01:22.549566
435,036275.mp3,149545.mp3,091846.mp3,036275.mp3,37,2018-04-03 13:06:22.662232,00:03:50.908612
410,015366.mp3,003895.mp3,075078.mp3,015366.mp3,36,2018-04-02 17:09:14.208069,00:03:06.994048
411,057819.mp3,145100.mp3,040354.mp3,057819.mp3,36,2018-04-02 17:14:18.427286,00:05:04.219217
422,000776.mp3,082506.mp3,096408.mp3,096408.mp3,37,2018-04-03 12:51:23.009295,00:00:28.318178
431,032760.mp3,014967.mp3,109505.mp3,109505.mp3,37,2018-04-03 12:58:46.772959,00:02:01.180013
433,073171.mp3,014663.mp3,012578.mp3,012578.mp3,37,2018-04-03 13:01:33.58776,00:01:24.265235
434,004739.mp3,001485.mp3,051657.mp3,001485.mp3,37,2018-04-03 13:02:31.75362,00:00:58.16586
437,084262.mp3,054348.mp3,041581.mp3,084262.mp3,40,2018-04-07 11:05:12.460994,00:02:11.692641
438,123626.mp3,007875.mp3,046726.mp3,007875.mp3,40,2018-04-07 11:06:42.449587,00:01:29.988593
439,042722.mp3,011633.mp3,054348.mp3,011633.mp3,40,2018-04-07 11:08:08.735655,00:01:26.286068
440,089441.mp3,073507.mp3,123626.mp3,073507.mp3,40,2018-04-07 11:09:15.631095,00:01:06.89544
441,110452.mp3,087133.mp3,085890.mp3,085890.mp3,40,2018-04-07 11:10:35.635266,00:01:20.004171
442,010739.mp3,013999.mp3,013671.mp3,010739.mp3,40,2018-04-07 11:11:30.484539,00:00:54.849273
443,086789.mp3,056931.mp3,089441.mp3,056931.mp3,40,2018-04-07 11:12:12.917872,00:00:42.433333
444,118867.mp3,014394.mp3,112379.mp3,014394.mp3,40,2018-04-07 11:13:02.898997,00:00:49.981125
445,070190.mp3,043025.mp3,108488.mp3,108488.mp3,40,2018-04-07 11:13:55.622852,00:00:52.723855
446,001121.mp3,064591.mp3,123626.mp3,001121.mp3,40,2018-04-07 11:15:22.86057,00:01:27.237718
447,047660.mp3,121591.mp3,108500.mp3,121591.mp3,40,2018-04-07 11:17:21.427943,00:01:58.567373
448,128475.mp3,004214.mp3,050972.mp3,050972.mp3,40,2018-04-07 11:18:44.50206,00:01:23.074117
449,146713.mp3,032683.mp3,025795.mp3,146713.mp3,40,2018-04-07 11:19:23.688767,00:00:39.186707
450,123626.mp3,119751.mp3,097545.mp3,123626.mp3,40,2018-04-07 11:19:41.599747,00:00:17.91098
451,057439.mp3,089441.mp3,014971.mp3,089441.mp3,40,2018-04-07 11:20:13.845863,00:00:32.246116
452,018805.mp3,014952.mp3,085690.mp3,014952.mp3,41,2018-04-17 12:37:23.205764,00:01:06.177673
453,000190.mp3,013978.mp3,072210.mp3,072210.mp3,41,2018-04-17 12:38:01.300701,00:00:38.094937
454,134317.mp3,054264.mp3,003463.mp3,054264.mp3,41,2018-04-17 12:38:36.492632,00:00:35.191931
455,000694.mp3,059723.mp3,134759.mp3,059723.mp3,41,2018-04-17 12:38:56.681344,00:00:20.188712
456,000853.mp3,144465.mp3,119584.mp3,119584.mp3,41,2018-04-17 12:39:39.531598,00:00:42.850254
457,068430.mp3,153452.mp3,134317.mp3,068430.mp3,41,2018-04-17 12:41:03.935993,00:01:24.404395
458,090993.mp3,097041.mp3,032760.mp3,032760.mp3,41,2018-04-17 12:41:58.742544,00:00:54.806551
459,000679.mp3,013585.mp3,031621.mp3,013585.mp3,41,2018-04-17 12:42:20.570052,00:00:21.827508
460,110159.mp3,015211.mp3,056175.mp3,015211.mp3,41,2018-04-17 12:42:41.151303,00:00:20.581251
461,006329.mp3,074948.mp3,113820.mp3,006329.mp3,41,2018-04-17 12:43:00.897049,00:00:19.745746
462,005119.mp3,078845.mp3,114939.mp3,078845.mp3,41,2018-04-17 12:43:56.435208,00:00:55.538159
463,041583.mp3,122475.mp3,031621.mp3,031621.mp3,41,2018-04-17 12:45:36.079384,00:01:39.644176
464,086789.mp3,053687.mp3,110159.mp3,053687.mp3,41,2018-04-17 12:45:56.707797,00:00:20.628413
465,147192.mp3,024698.mp3,128922.mp3,128922.mp3,41,2018-04-17 12:46:08.216655,00:00:11.508858
466,013585.mp3,013999.mp3,014081.mp3,014081.mp3,41,2018-04-17 12:46:35.528698,00:00:27.312043
467,133019.mp3,122503.mp3,086789.mp3,086789.mp3,43,2018-04-18 06:46:47.908066,00:00:40.746514
468,073171.mp3,031621.mp3,014899.mp3,031621.mp3,43,2018-04-18 06:47:04.038189,00:00:16.130123
469,011209.mp3,000776.mp3,097216.mp3,000776.mp3,43,2018-04-18 06:47:23.699578,00:00:19.661389
470,081876.mp3,051289.mp3,077386.mp3,077386.mp3,43,2018-04-18 06:47:48.96372,00:00:25.264142
471,032815.mp3,148430.mp3,123626.mp3,123626.mp3,43,2018-04-18 06:48:25.294422,00:00:36.330702
472,034148.mp3,006802.mp3,149611.mp3,149611.mp3,43,2018-04-18 06:49:01.39955,00:00:36.105128
473,022084.mp3,031621.mp3,069761.mp3,069761.mp3,43,2018-04-18 06:49:19.716324,00:00:18.316774
474,013909.mp3,053687.mp3,006785.mp3,053687.mp3,43,2018-04-18 06:49:37.536625,00:00:17.820301
475,052954.mp3,149191.mp3,024748.mp3,052954.mp3,43,2018-04-18 06:50:08.65402,00:00:31.117395
476,064009.mp3,086789.mp3,005940.mp3,064009.mp3,43,2018-04-18 06:50:34.370756,00:00:25.716736
477,010006.mp3,133802.mp3,134317.mp3,134317.mp3,43,2018-04-18 06:51:05.93468,00:00:31.563924
478,004522.mp3,086043.mp3,113820.mp3,113820.mp3,43,2018-04-18 06:51:31.542336,00:00:25.607656
479,007528.mp3,087274.mp3,142456.mp3,142456.mp3,43,2018-04-18 06:52:00.43766,00:00:28.895324
480,062929.mp3,087274.mp3,148077.mp3,087274.mp3,43,2018-04-18 06:52:28.990497,00:00:28.552837
481,050972.mp3,123470.mp3,126177.mp3,126177.mp3,43,2018-04-18 06:52:55.698925,00:00:26.708428
483,010971.mp3,032987.mp3,098667.mp3,032987.mp3,44,2018-04-18 07:04:43.477903,00:01:41.386209
489,013979.mp3,010885.mp3,007709.mp3,007709.mp3,44,2018-04-18 07:19:33.692912,00:01:49.172276
490,106769.mp3,011640.mp3,077386.mp3,077386.mp3,44,2018-04-18 07:25:03.574237,00:05:29.881325
491,083690.mp3,082509.mp3,004522.mp3,082509.mp3,44,2018-04-18 07:28:39.605799,00:03:36.031562
496,042238.mp3,097545.mp3,006603.mp3,042238.mp3,44,2018-04-18 07:40:12.19069,00:03:05.038719
498,004848.mp3,143465.mp3,071307.mp3,004848.mp3,45,2018-04-18 08:21:59.459122,00:01:55.253854
499,013912.mp3,072567.mp3,024720.mp3,072567.mp3,45,2018-04-18 08:23:56.908098,00:01:57.448976
509,081086.mp3,112379.mp3,083642.mp3,081086.mp3,46,2018-04-18 09:29:20.128883,00:03:46.633973
510,068229.mp3,059702.mp3,056175.mp3,059702.mp3,47,2018-04-18 09:30:03.544796,00:01:44.223906
516,059658.mp3,073507.mp3,109669.mp3,059658.mp3,46,2018-04-18 09:37:11.539697,00:04:05.270784
519,011885.mp3,019889.mp3,050609.mp3,011885.mp3,48,2018-04-18 09:39:35.967776,00:01:12.517438
520,091074.mp3,008582.mp3,084262.mp3,084262.mp3,47,2018-04-18 09:39:53.041773,00:01:38.095249
521,042747.mp3,118867.mp3,019889.mp3,042747.mp3,48,2018-04-18 09:39:56.755727,00:00:20.787951
482,066938.mp3,130431.mp3,027547.mp3,027547.mp3,44,2018-04-18 07:03:02.091694,00:01:50.522063
486,041013.mp3,132451.mp3,011774.mp3,132451.mp3,44,2018-04-18 07:10:38.715442,00:01:49.867358
487,154301.mp3,001155.mp3,051268.mp3,154301.mp3,44,2018-04-18 07:12:53.674551,00:02:14.959109
488,086789.mp3,013978.mp3,000190.mp3,013978.mp3,44,2018-04-18 07:17:44.520636,00:04:50.846085
500,062594.mp3,017842.mp3,051657.mp3,051657.mp3,45,2018-04-18 08:26:01.967592,00:02:05.059494
504,060898.mp3,014952.mp3,054258.mp3,054258.mp3,46,2018-04-18 09:06:45.923397,00:01:40.452377
508,138732.mp3,024654.mp3,022096.mp3,138732.mp3,47,2018-04-18 09:28:19.32089,00:01:42.122744
512,073507.mp3,097216.mp3,048263.mp3,097216.mp3,46,2018-04-18 09:33:06.268913,00:03:46.14003
513,061674.mp3,089524.mp3,130349.mp3,130349.mp3,47,2018-04-18 09:33:28.510488,00:01:47.839844
515,038545.mp3,044778.mp3,109446.mp3,109446.mp3,47,2018-04-18 09:36:51.903534,00:01:44.022034
517,068229.mp3,013976.mp3,049843.mp3,049843.mp3,47,2018-04-18 09:38:14.946524,00:01:23.04299
518,022024.mp3,042138.mp3,092206.mp3,042138.mp3,46,2018-04-18 09:38:54.401939,00:01:42.862242
484,140584.mp3,006603.mp3,112379.mp3,140584.mp3,44,2018-04-18 07:06:39.882086,00:01:56.404183
497,127920.mp3,013908.mp3,098130.mp3,098130.mp3,45,2018-04-18 08:20:04.205268,00:02:03.160527
502,014971.mp3,071396.mp3,133100.mp3,133100.mp3,46,2018-04-18 09:03:37.087651,00:01:35.877787
503,077386.mp3,097216.mp3,003463.mp3,097216.mp3,46,2018-04-18 09:05:05.47102,00:01:28.383369
505,023538.mp3,064877.mp3,031804.mp3,023538.mp3,46,2018-04-18 09:09:16.364894,00:02:30.441497
506,013999.mp3,086446.mp3,109903.mp3,086446.mp3,46,2018-04-18 09:21:09.567839,00:11:53.202945
507,021799.mp3,024698.mp3,006735.mp3,006735.mp3,46,2018-04-18 09:25:33.49491,00:04:23.927071
485,043767.mp3,154301.mp3,030075.mp3,043767.mp3,44,2018-04-18 07:08:48.848084,00:02:08.965998
492,053726.mp3,022299.mp3,006442.mp3,022299.mp3,44,2018-04-18 07:30:43.899879,00:02:04.29408
493,077571.mp3,013979.mp3,022299.mp3,022299.mp3,44,2018-04-18 07:33:21.611616,00:02:37.711737
494,024698.mp3,032510.mp3,047035.mp3,032510.mp3,44,2018-04-18 07:35:16.687326,00:01:55.07571
495,038545.mp3,114412.mp3,010739.mp3,010739.mp3,44,2018-04-18 07:37:07.151971,00:01:50.464645
501,011259.mp3,013646.mp3,000667.mp3,013646.mp3,46,2018-04-18 09:02:01.209864,00:01:57.68588
511,140584.mp3,108497.mp3,021683.mp3,021683.mp3,47,2018-04-18 09:31:40.670644,00:01:37.125848
514,108488.mp3,130690.mp3,004522.mp3,130690.mp3,47,2018-04-18 09:35:07.8815,00:01:39.371012
522,098933.mp3,015366.mp3,129475.mp3,015366.mp3,48,2018-04-18 09:40:27.131759,00:00:30.376032
523,094409.mp3,013671.mp3,054722.mp3,094409.mp3,48,2018-04-18 09:40:53.548281,00:00:26.416522
524,069823.mp3,060865.mp3,006735.mp3,069823.mp3,47,2018-04-18 09:41:28.810009,00:01:35.768236
525,087274.mp3,072593.mp3,074982.mp3,072593.mp3,48,2018-04-18 09:41:33.166203,00:00:39.617922
526,086789.mp3,003463.mp3,082581.mp3,003463.mp3,47,2018-04-18 09:42:45.681097,00:01:16.871088
527,043698.mp3,082506.mp3,025111.mp3,025111.mp3,46,2018-04-18 09:50:22.472625,00:11:28.070686
528,060726.mp3,027797.mp3,013912.mp3,027797.mp3,46,2018-04-18 09:51:15.183087,00:00:52.710462
529,024698.mp3,134510.mp3,085436.mp3,134510.mp3,46,2018-04-18 09:51:55.076172,00:00:39.893085
530,010971.mp3,014661.mp3,141869.mp3,141869.mp3,46,2018-04-18 09:52:20.689949,00:00:25.613777
531,051557.mp3,001061.mp3,101118.mp3,001061.mp3,47,2018-04-18 10:06:35.606238,00:23:49.925141
532,031621.mp3,061668.mp3,061011.mp3,061011.mp3,47,2018-04-18 10:06:54.3516,00:00:18.745362
533,131942.mp3,015482.mp3,054202.mp3,054202.mp3,47,2018-04-18 10:07:31.070979,00:00:36.719379
534,073768.mp3,104066.mp3,133100.mp3,133100.mp3,47,2018-04-18 10:08:35.795023,00:01:04.724044
535,017497.mp3,019465.mp3,056467.mp3,056467.mp3,47,2018-04-18 10:09:34.02823,00:00:58.233207
536,056175.mp3,013749.mp3,141869.mp3,141869.mp3,49,2018-04-18 16:25:56.427834,00:01:38.821306
537,138732.mp3,051271.mp3,001155.mp3,001155.mp3,50,2018-04-18 17:37:16.738503,00:00:44.478364
538,011885.mp3,005940.mp3,042017.mp3,005940.mp3,50,2018-04-18 17:37:46.947464,00:00:30.208961
539,108343.mp3,091934.mp3,092206.mp3,091934.mp3,50,2018-04-18 17:38:04.943684,00:00:17.99622
540,129476.mp3,043517.mp3,096726.mp3,096726.mp3,50,2018-04-18 17:38:28.918568,00:00:23.974884
541,118867.mp3,048809.mp3,059658.mp3,118867.mp3,51,2018-04-18 21:41:10.386774,00:01:50.551082
542,011209.mp3,051934.mp3,074944.mp3,051934.mp3,51,2018-04-18 21:42:36.033345,00:01:25.646571
543,053726.mp3,109669.mp3,077564.mp3,109669.mp3,51,2018-04-18 21:44:11.753493,00:01:35.720148
544,036275.mp3,005940.mp3,140579.mp3,005940.mp3,51,2018-04-18 21:45:47.86233,00:01:36.108837
545,134994.mp3,072210.mp3,011885.mp3,011885.mp3,51,2018-04-18 21:46:59.517943,00:01:11.655613
546,029530.mp3,149545.mp3,024367.mp3,149545.mp3,51,2018-04-18 21:48:35.218344,00:01:35.700401
547,119584.mp3,112379.mp3,034148.mp3,119584.mp3,51,2018-04-18 21:50:13.094216,00:01:37.875872
548,092536.mp3,012194.mp3,008531.mp3,012194.mp3,51,2018-04-18 21:51:48.566788,00:01:35.472572
549,064591.mp3,097545.mp3,054719.mp3,097545.mp3,51,2018-04-18 21:53:24.848716,00:01:36.281928
550,005379.mp3,024367.mp3,111552.mp3,111552.mp3,51,2018-04-18 21:55:02.412838,00:01:37.564122
551,123470.mp3,013671.mp3,074948.mp3,013671.mp3,51,2018-04-18 21:56:38.384178,00:01:35.97134
552,154963.mp3,130690.mp3,005196.mp3,154963.mp3,51,2018-04-18 21:58:13.514303,00:01:35.130125
553,097880.mp3,133802.mp3,013976.mp3,133802.mp3,51,2018-04-18 21:59:48.778435,00:01:35.264132
554,011679.mp3,078845.mp3,126400.mp3,126400.mp3,51,2018-04-18 22:01:31.240329,00:01:42.461894
555,029041.mp3,000993.mp3,077386.mp3,000993.mp3,51,2018-04-18 22:03:07.51546,00:01:36.275131
556,047712.mp3,006463.mp3,009512.mp3,009512.mp3,52,2018-04-19 17:31:48.283761,00:03:10.474281
557,122536.mp3,013838.mp3,118867.mp3,118867.mp3,52,2018-04-19 17:33:47.86963,00:01:59.585869
558,034148.mp3,064361.mp3,073507.mp3,034148.mp3,52,2018-04-19 17:34:36.223569,00:00:48.353939
559,012578.mp3,023538.mp3,133100.mp3,023538.mp3,52,2018-04-19 17:35:33.085283,00:00:56.861714
560,060755.mp3,113820.mp3,011885.mp3,060755.mp3,52,2018-04-19 17:36:51.671678,00:01:18.586395
561,040808.mp3,053687.mp3,011198.mp3,040808.mp3,52,2018-04-19 17:37:29.338226,00:00:37.666548
562,013804.mp3,021231.mp3,098464.mp3,098464.mp3,52,2018-04-19 17:38:15.439463,00:00:46.101237
563,098577.mp3,044805.mp3,060037.mp3,060037.mp3,52,2018-04-19 17:38:58.694243,00:00:43.25478
564,073507.mp3,133019.mp3,061668.mp3,133019.mp3,52,2018-04-19 17:39:35.708439,00:00:37.014196
565,028086.mp3,019133.mp3,118867.mp3,028086.mp3,52,2018-04-19 17:40:23.934962,00:00:48.226523
566,056467.mp3,051934.mp3,123470.mp3,123470.mp3,52,2018-04-19 17:40:42.355006,00:00:18.420044
567,027634.mp3,013910.mp3,072567.mp3,027634.mp3,52,2018-04-19 17:41:09.056894,00:00:26.701888
568,032987.mp3,086043.mp3,087274.mp3,086043.mp3,52,2018-04-19 17:41:45.841874,00:00:36.78498
569,111188.mp3,010006.mp3,024739.mp3,024739.mp3,52,2018-04-19 17:42:50.338914,00:01:04.49704
574,015775.mp3,140584.mp3,042138.mp3,015775.mp3,54,2018-04-22 10:29:30.572583,00:00:05.240239
577,031802.mp3,068430.mp3,011921.mp3,031802.mp3,54,2018-04-22 10:29:42.342613,00:00:05.028274
580,012673.mp3,058135.mp3,083062.mp3,012673.mp3,54,2018-04-22 10:30:40.785864,00:00:02.5499
585,070693.mp3,077386.mp3,032815.mp3,070693.mp3,54,2018-04-22 10:30:56.984753,00:00:03.456095
588,017439.mp3,013592.mp3,097880.mp3,013592.mp3,55,2018-04-23 10:44:54.139476,00:04:20.169373
601,086043.mp3,115925.mp3,025795.mp3,086043.mp3,55,2018-04-23 13:27:00.465792,00:01:05.561602
570,130167.mp3,130581.mp3,114939.mp3,114939.mp3,53,2018-04-19 21:50:46.217403,00:01:05.16954
572,111552.mp3,083690.mp3,121719.mp3,111552.mp3,54,2018-04-22 10:29:08.582466,00:00:20.122958
578,071307.mp3,073571.mp3,059581.mp3,071307.mp3,54,2018-04-22 10:29:55.513502,00:00:13.170889
581,016238.mp3,154963.mp3,001685.mp3,016238.mp3,54,2018-04-22 10:30:44.160062,00:00:03.374198
593,054711.mp3,084823.mp3,146713.mp3,084823.mp3,55,2018-04-23 10:53:28.859063,00:01:30.672105
596,068229.mp3,112379.mp3,085690.mp3,068229.mp3,55,2018-04-23 13:15:27.488536,00:48:09.581601
597,109669.mp3,092206.mp3,000190.mp3,109669.mp3,55,2018-04-23 13:20:17.166913,00:04:49.678377
598,022084.mp3,042377.mp3,001045.mp3,001045.mp3,55,2018-04-23 13:21:26.163122,00:01:08.996209
600,012194.mp3,123626.mp3,024748.mp3,024748.mp3,55,2018-04-23 13:25:54.90419,00:01:43.246839
571,127162.mp3,077386.mp3,013979.mp3,077386.mp3,53,2018-04-19 21:51:19.798566,00:00:33.581163
575,086446.mp3,054348.mp3,000776.mp3,086446.mp3,54,2018-04-22 10:29:34.097063,00:00:03.52448
576,016155.mp3,138917.mp3,133100.mp3,016155.mp3,54,2018-04-22 10:29:37.314339,00:00:03.217276
582,054202.mp3,115925.mp3,043767.mp3,054202.mp3,54,2018-04-22 10:30:47.683981,00:00:03.523919
586,100522.mp3,049471.mp3,052407.mp3,100522.mp3,54,2018-04-22 10:31:00.53136,00:00:03.546607
587,107908.mp3,000667.mp3,035551.mp3,035551.mp3,55,2018-04-23 10:40:33.970103,00:01:47.823601
590,019889.mp3,105699.mp3,141166.mp3,019889.mp3,55,2018-04-23 10:48:45.30936,00:01:53.076825
591,114041.mp3,085420.mp3,003895.mp3,085420.mp3,55,2018-04-23 10:49:21.993212,00:00:36.683852
573,016023.mp3,055238.mp3,107849.mp3,016023.mp3,54,2018-04-22 10:29:25.332344,00:00:16.749878
579,110928.mp3,128475.mp3,044781.mp3,110928.mp3,54,2018-04-22 10:30:38.235964,00:00:42.722462
583,013909.mp3,116456.mp3,011957.mp3,013909.mp3,54,2018-04-22 10:30:51.201209,00:00:03.517228
584,077386.mp3,092536.mp3,089524.mp3,077386.mp3,54,2018-04-22 10:30:53.528658,00:00:02.327449
589,013976.mp3,132451.mp3,030248.mp3,132451.mp3,55,2018-04-23 10:46:52.232535,00:01:58.093059
592,061011.mp3,014952.mp3,097205.mp3,097205.mp3,55,2018-04-23 10:51:58.186958,00:02:36.193746
594,014967.mp3,039556.mp3,068430.mp3,068430.mp3,55,2018-04-23 10:54:16.330869,00:00:47.471806
595,056175.mp3,017497.mp3,014081.mp3,056175.mp3,55,2018-04-23 12:27:17.906935,01:33:01.576066
599,016880.mp3,118874.mp3,105920.mp3,016880.mp3,55,2018-04-23 13:24:11.657351,00:02:45.494229
